City,Country,Latitude,Longitude,Date,Temp (F),Humidity (%),Cloudiness (%),Wind Speed (mph),Cloudiness,Max Temp,Wind Speed,Lat,Lng,Humidity
Lorengau,PG,,,1563683340,,,,,100.0,82.49,9.75,-2.02,147.27,80.0
Clyde River,CA,,,1563683341,,,,,90.0,37.4,12.75,70.47,-68.59,100.0
Batagay-Alyta,RU,,,1563683342,,,,,98.0,60.71,26.13,67.8,130.41,43.0
Saldanha,PT,,,1563682965,,,,,28.0,64.13,3.62,41.42,-6.55,68.0
Atuona,PF,,,1563682967,,,,,0.0,79.97,10.22,-9.8,-139.03,75.0
Raudeberg,NO,,,1563683345,,,,,100.0,59.0,8.05,61.99,5.14,93.0
Xuddur,SO,,,1563683346,,,,,95.0,69.53,15.32,4.12,43.89,80.0
Dakar,SN,,,1563683346,,,,,0.0,77.0,3.36,14.69,-17.45,83.0
Herat,AF,,,1563683350,,,,,0.0,95.0,13.87,34.35,62.22,12.0
Lompoc,US,,,1563683351,,,,,90.0,62.01,8.93,34.64,-120.46,93.0
Avarua,CK,,,1563683351,,,,,93.0,71.6,3.36,-21.21,-159.78,68.0
Naze,NG,,,1563683355,,,,,100.0,72.77,1.07,5.43,7.07,95.0
Hobart,AU,,,1563682839,,,,,20.0,59.0,27.51,-42.88,147.33,41.0
Tura,RU,,,1563683357,,,,,67.0,67.37,9.78,64.27,100.22,36.0
Sciacca,IT,,,1563683216,,,,,40.0,71.01,3.36,37.51,13.08,88.0
Saint Anthony,US,,,1563682974,,,,,1.0,71.6,8.05,43.97,-111.68,37.0
Airai,TL,,,1563683357,,,,,88.0,81.95,5.06,-8.93,125.41,45.0
Rikitea,PF,,,1563682980,,,,,0.0,67.55,7.81,-23.12,-134.97,51.0
Upernavik,GL,,,1563683026,,,,,100.0,44.51,4.34,72.79,-56.15,95.0
Busselton,AU,,,1563682912,,,,,100.0,64.0,27.69,-33.64,115.35,46.0
Ancud,CL,,,1563683022,,,,,75.0,37.4,5.82,-41.87,-73.83,100.0
Port Blair,IN,,,1563682915,,,,,40.0,80.6,4.7,11.67,92.75,88.0
Albany,US,,,1563682928,,,,,1.0,75.0,3.36,42.65,-73.75,88.0
Vaini,IN,,,1563682940,,,,,75.0,75.2,6.93,15.34,74.49,94.0
Ugoofaaru,MV,,,1563683317,,,,,100.0,83.39,19.51,5.67,73.0,76.0
Boende,CD,,,1563683361,,,,,83.0,70.07,1.63,-0.28,20.88,95.0
Andilamena,MG,,,1563683365,,,,,0.0,55.85,0.96,-17.01,48.57,94.0
Bang Saphan,TH,,,1563683366,,,,,20.0,87.8,6.93,11.21,99.51,70.0
Hermanus,ZA,,,1563682965,,,,,89.0,45.0,7.0,-34.42,19.24,80.0
Punta Arenas,CL,,,1563682921,,,,,40.0,33.8,9.17,-53.16,-70.91,86.0
Turayf,SA,,,1563683367,,,,,0.0,75.2,6.93,31.68,38.65,53.0
Barrow,AR,,,1563683027,,,,,100.0,61.97,13.78,-38.31,-60.23,88.0
Quatre Cocos,MU,,,1563683370,,,,,20.0,72.0,4.7,-20.21,57.76,93.0
Havre-Saint-Pierre,CA,,,1563683348,,,,,90.0,55.4,6.93,50.23,-63.6,100.0
Puerto Ayora,EC,,,1563682893,,,,,8.0,70.0,1.01,-0.74,-90.35,93.0
Fortuna,US,,,1563683078,,,,,90.0,66.0,6.93,40.6,-124.16,87.0
Mobaye,CF,,,1563683371,,,,,36.0,67.55,0.83,4.33,21.18,97.0
Honningsvag,NO,,,1563683371,,,,,4.0,50.63,3.51,70.98,25.97,83.0
Santa Lucia,IT,,,1563683371,,,,,0.0,72.0,3.36,41.98,12.66,72.0
Margate,AU,,,1563683374,,,,,20.0,57.2,26.4,-43.03,147.26,41.0
Yellowknife,CA,,,1563682907,,,,,20.0,69.8,6.93,62.45,-114.38,43.0
Qaanaaq,GL,,,1563683063,,,,,92.0,39.83,2.66,77.48,-69.36,84.0
Bethel,US,,,1563683375,,,,,90.0,59.0,10.29,60.79,-161.76,72.0
Castro,CL,,,1563682941,,,,,75.0,37.4,5.82,-42.48,-73.76,100.0
Fairbanks,US,,,1563683400,,,,,20.0,66.2,17.22,64.84,-147.72,55.0
Los Llanos de Aridane,ES,,,1563683401,,,,,90.0,71.6,13.87,28.66,-17.92,78.0
Bathsheba,BB,,,1563683402,,,,,20.0,80.6,14.99,13.22,-59.52,78.0
Saint-Philippe,CA,,,1563683405,,,,,1.0,81.0,6.93,45.36,-73.48,83.0
Marsabit,KE,,,1563683405,,,,,17.0,79.34,11.3,2.34,37.99,49.0
Bredasdorp,ZA,,,1563683405,,,,,52.0,44.01,5.82,-34.53,20.04,86.0
Santo Anastacio,BR,,,1563683405,,,,,0.0,66.2,9.17,-21.84,-51.61,48.0
Ushuaia,AR,,,1563682922,,,,,0.0,32.0,6.93,-54.81,-68.31,90.0
Saskylakh,RU,,,1563682979,,,,,8.0,62.51,8.41,71.97,114.09,39.0
Kaitangata,NZ,,,1563682931,,,,,100.0,50.0,7.0,-46.28,169.85,92.0
Moose Factory,CA,,,1563683406,,,,,90.0,46.4,5.82,51.26,-80.61,100.0
Khatanga,RU,,,1563683407,,,,,12.0,80.6,11.54,71.98,102.47,27.0
San Mateo del Mar,MX,,,1563683362,,,,,68.0,77.63,11.25,16.21,-94.98,83.0
Talnakh,RU,,,1563683407,,,,,0.0,73.4,15.66,69.49,88.39,33.0
Dalvik,SE,,,1563683410,,,,,98.0,60.8,9.17,57.79,14.13,77.0
Faya,SA,,,1563683412,,,,,0.0,68.0,0.87,18.39,42.45,8.0
Edinet,MD,,,1563683412,,,,,0.0,61.0,3.49,48.17,27.3,85.0
Corinto,CO,,,1563683412,,,,,75.0,75.2,4.7,3.17,-76.26,73.0
Agutaya,PH,,,1563683412,,,,,100.0,84.2,4.63,11.15,120.94,69.0
Dikson,RU,,,1563682931,,,,,100.0,40.55,6.31,73.51,80.55,100.0
Mayumba,GA,,,1563683415,,,,,91.0,71.06,1.92,-3.44,10.65,91.0
Thompson,CA,,,1563683024,,,,,40.0,57.2,4.34,55.74,-97.86,67.0
Kapaa,US,,,1563683024,,,,,75.0,86.0,16.11,22.08,-159.32,69.0
Lebu,ET,,,1563682936,,,,,40.0,55.4,9.17,8.96,38.73,87.0
Zhanaozen,KZ,,,1563683417,,,,,0.0,89.96,16.46,43.35,52.85,24.0
Pasir Mas,MY,,,1563683334,,,,,75.0,87.8,4.7,6.05,102.14,79.0
Jalu,LY,,,1563683420,,,,,0.0,77.72,9.69,29.03,21.55,49.0
Ilulissat,GL,,,1563682912,,,,,26.0,44.6,5.32,69.22,-51.1,87.0
Georgetown,GY,,,1563682946,,,,,40.0,75.2,2.24,6.8,-58.16,100.0
Cayenne,GF,,,1563683403,,,,,36.0,75.2,3.31,4.94,-52.33,94.0
Hilo,US,,,1563683027,,,,,1.0,81.0,6.93,19.71,-155.08,65.0
Itarema,BR,,,1563683425,,,,,57.0,69.26,5.82,-2.92,-39.92,93.0
Vanavara,RU,,,1563683425,,,,,43.0,72.14,13.2,60.35,102.28,32.0
Rjukan,NO,,,1563683426,,,,,100.0,57.0,5.01,59.88,8.59,99.0
Mataura,NZ,,,1563682978,,,,,58.0,51.01,3.0,-46.19,168.86,96.0
Hithadhoo,MV,,,1563682767,,,,,100.0,82.85,15.75,-0.6,73.08,78.0
Port Elizabeth,US,,,1563683129,,,,,1.0,86.0,3.36,39.31,-74.98,88.0
Lata,IN,,,1563683426,,,,,32.0,49.64,6.6,30.78,78.62,93.0
Chuy,UY,,,1563683352,,,,,27.0,61.79,11.83,-33.69,-53.46,85.0
Lavrentiya,RU,,,1563683430,,,,,100.0,48.02,10.8,65.58,-170.99,95.0
Ledyard,US,,,1563683430,,,,,1.0,84.99,4.7,41.44,-72.02,78.0
Dauriya,RU,,,1563683431,,,,,76.0,68.72,16.55,49.93,116.85,58.0
Meadow Lake,CA,,,1563683432,,,,,0.0,53.06,1.19,54.13,-108.44,65.0
Petropavlovsk-Kamchatskiy,RU,,,1563683056,,,,,40.0,73.4,20.13,53.05,158.65,60.0
San Cristobal,HN,,,1563683461,,,,,82.0,66.2,3.58,14.68,-86.92,94.0
Tiksi,RU,,,1563682914,,,,,40.0,40.37,17.16,71.64,128.87,68.0
Broken Hill,AU,,,1563683465,,,,,19.0,62.6,10.29,-31.97,141.45,45.0
Lazaro Cardenas,MX,,,1563683466,,,,,25.0,82.99,3.0,28.39,-105.62,37.0
Bluff,AU,,,1563683141,,,,,64.0,69.89,11.03,-23.58,149.07,58.0
Genhe,CN,,,1563683139,,,,,100.0,63.77,4.94,50.78,121.52,96.0
Port Alfred,ZA,,,1563682635,,,,,93.0,45.0,7.0,-33.59,26.89,82.0
Burnie,AU,,,1563683467,,,,,64.0,47.12,6.71,-41.05,145.91,73.0
Sao Filipe,CV,,,1563683467,,,,,100.0,72.5,12.5,14.9,-24.5,80.0
Chara,GR,,,1563683470,,,,,0.0,72.0,1.7,39.42,22.43,87.0
Pevek,RU,,,1563683046,,,,,60.0,34.61,6.69,69.7,170.27,85.0
Caravelas,BR,,,1563683471,,,,,39.0,70.34,11.61,-17.73,-39.27,80.0
Daru,PG,,,1563683471,,,,,80.0,77.18,9.55,-9.07,143.21,71.0
Shitanjing,CN,,,1563683471,,,,,100.0,87.01,8.99,39.23,106.34,28.0
Souillac,FR,,,1563683025,,,,,0.0,60.8,2.24,45.6,-0.6,93.0
Arraial do Cabo,BR,,,1563682975,,,,,11.0,67.91,23.91,-22.97,-42.02,81.0
Vila Velha,BR,,,1563683472,,,,,20.0,86.0,8.05,-3.71,-38.6,74.0
Tasiilaq,GL,,,1563682988,,,,,100.0,37.4,2.33,65.61,-37.64,93.0
Bereda,ES,,,1563683475,,,,,75.0,61.0,1.12,43.27,-7.54,100.0
Nikolskoye,RU,,,1563683476,,,,,0.0,62.01,4.47,59.7,30.79,82.0
Ayia Galini,GR,,,1563683478,,,,,1.0,79.0,4.7,35.1,24.68,78.0
North Myrtle Beach,US,,,1563683480,,,,,1.0,82.4,11.41,33.83,-78.68,94.0
Mareeba,AU,,,1563683480,,,,,90.0,79.0,9.17,-16.99,145.42,64.0
Tezu,IN,,,1563683481,,,,,92.0,86.72,3.71,27.93,96.16,62.0
Kruisfontein,ZA,,,1563683021,,,,,0.0,41.63,7.61,-34.0,24.73,82.0
Provideniya,RU,,,1563683482,,,,,100.0,49.46,13.0,64.42,-173.23,94.0
Portland,US,,,1563683462,,,,,1.0,80.6,4.7,43.66,-70.25,78.0
Sturgis,CA,,,1563683482,,,,,12.0,49.82,4.92,51.94,-102.54,84.0
Codrington,AU,,,1563682978,,,,,0.0,71.6,2.24,-28.95,153.24,37.0
Butaritari,KI,,,1563682938,,,,,57.0,83.93,5.91,3.07,172.79,67.0
Ribeira Grande,PT,,,1563682982,,,,,0.0,72.23,24.07,38.52,-28.7,82.0
Sao Felix do Xingu,BR,,,1563683483,,,,,22.0,67.82,2.66,-6.64,-51.99,69.0
Turukhansk,RU,,,1563683486,,,,,0.0,76.64,7.72,65.8,87.96,29.0
Mahebourg,MU,,,1563682917,,,,,20.0,72.0,4.7,-20.41,57.7,93.0
Griffith,AU,,,1563683487,,,,,79.0,64.99,11.41,-34.29,146.06,42.0
Kansanshi,ZM,,,1563683491,,,,,0.0,58.28,5.97,-12.1,26.43,37.0
Dukat,AL,,,1563683495,,,,,0.0,77.0,5.32,40.25,19.57,61.0
New Norfolk,AU,,,1563683520,,,,,20.0,57.2,26.4,-42.78,147.06,41.0
Husavik,CA,,,1563683523,,,,,0.0,61.0,5.99,50.56,-96.99,78.0
Tadine,NC,,,1563683523,,,,,17.0,68.0,22.35,-21.55,167.88,69.0
Piatra Soimului,RO,,,1563683526,,,,,0.0,61.0,2.82,46.83,26.43,100.0
Benghazi,LY,,,1563683526,,,,,0.0,77.18,11.1,32.12,20.07,71.0
Halifax,CA,,,1563683402,,,,,20.0,77.0,9.17,44.65,-63.58,69.0
Fort Nelson,CA,,,1563683531,,,,,75.0,77.0,3.36,58.81,-122.69,47.0
Nome,US,,,1563683533,,,,,1.0,84.99,5.64,30.04,-94.42,100.0
Chokurdakh,RU,,,1563683047,,,,,100.0,38.39,14.14,70.62,147.9,74.0
Nogales,CL,,,1563683534,,,,,90.0,52.0,3.36,-32.73,-71.2,93.0
Louviers,FR,,,1563683534,,,,,0.0,57.0,5.82,49.22,1.16,100.0
Kingsport,US,,,1563683534,,,,,90.0,75.2,2.46,36.55,-82.56,88.0
The Valley,AI,,,1563683415,,,,,40.0,82.4,17.76,18.22,-63.06,78.0
Victoria,BN,,,1563683402,,,,,75.0,91.4,2.24,5.28,115.24,59.0
Cabo San Lucas,MX,,,1563683025,,,,,40.0,78.01,5.82,22.89,-109.91,73.0
Gizo,IL,,,1563683536,,,,,20.0,77.0,5.82,31.8,34.94,73.0
Prince Rupert,CA,,,1563683538,,,,,40.0,60.8,4.7,54.32,-130.32,72.0
Sur,OM,,,1563683538,,,,,17.0,89.78,3.96,22.57,59.53,45.0
Ukiah,US,,,1563683540,,,,,0.0,71.01,2.17,39.15,-123.21,56.0
Namibe,AO,,,1563683546,,,,,0.0,68.18,0.45,-15.19,12.15,81.0
Bacong,PH,,,1563683550,,,,,95.0,82.22,10.83,6.14,124.31,79.0
San Patricio,PY,,,1563683551,,,,,0.0,69.62,14.07,-26.98,-56.83,73.0
Tuktoyaktuk,CA,,,1563682964,,,,,75.0,57.2,41.38,69.44,-133.03,76.0
Mount Isa,AU,,,1563683555,,,,,9.0,82.4,5.82,-20.73,139.49,10.0
Santa Maria,BR,,,1563683556,,,,,0.0,59.0,2.24,-16.02,-48.01,72.0
Ola,RU,,,1563683556,,,,,33.0,56.3,9.48,59.58,151.3,64.0
West Point,US,,,1563683344,,,,,20.0,75.2,4.7,33.61,-88.65,94.0
Cape Town,ZA,,,1563683398,,,,,0.0,45.0,4.7,-33.93,18.42,93.0
Mountain Home,US,,,1563683551,,,,,1.0,78.8,10.29,43.13,-115.69,19.0
Arman,RU,,,1563683526,,,,,76.0,58.1,4.68,59.7,150.17,50.0
Lasa,CY,,,1563683021,,,,,20.0,75.2,8.05,34.92,32.53,94.0
Usinsk,RU,,,1563683560,,,,,18.0,69.8,6.87,66.0,57.56,59.0
Gostovici,BA,,,1563683561,,,,,0.0,57.2,2.24,44.41,18.16,93.0
Ponta do Sol,BR,,,1563683561,,,,,81.0,53.06,9.71,-20.63,-46.0,82.0
Jamestown,AU,,,1563682852,,,,,0.0,55.13,12.08,-33.21,138.6,63.0
Coffeyville,US,,,1563683562,,,,,1.0,84.2,10.29,37.04,-95.62,74.0
Broome,GB,,,1563683562,,,,,44.0,57.99,5.82,52.47,1.45,93.0
East London,ZA,,,1563683041,,,,,0.0,46.4,9.17,-33.02,27.91,70.0
Jackson,US,,,1563683563,,,,,1.0,64.4,5.82,43.48,-110.76,48.0
Khuzdar,PK,,,1563683563,,,,,47.0,85.82,6.15,27.8,66.62,38.0
Belyy Yar,RU,,,1563683563,,,,,40.0,64.4,2.24,53.6,91.39,77.0
Touros,BR,,,1563683307,,,,,69.0,78.71,19.04,-5.2,-35.46,78.0
Minas de Barroteran,MX,,,1563683564,,,,,0.0,82.76,3.47,27.63,-101.28,39.0
Moerai,PF,,,1563683580,,,,,51.0,71.96,23.35,-22.43,-151.33,81.0
Goure,NE,,,1563683581,,,,,26.0,83.48,13.49,13.98,10.27,47.0
Geraldton,CA,,,1563683136,,,,,75.0,60.8,5.82,49.72,-86.95,87.0
Nioro,GM,,,1563683581,,,,,31.0,77.18,4.32,13.79,-15.05,75.0
Port Keats,AU,,,1563683584,,,,,92.0,79.88,12.41,-14.25,129.55,60.0
Mount Gambier,AU,,,1563683023,,,,,90.0,55.4,14.99,-37.83,140.78,62.0
Shetpe,KZ,,,1563683585,,,,,0.0,89.42,9.26,44.14,52.16,29.0
Severo-Kurilsk,RU,,,1563683585,,,,,88.0,45.86,12.48,50.68,156.12,95.0
Nicoya,CR,,,1563683585,,,,,0.0,84.2,18.34,10.15,-85.45,66.0
Cidreira,BR,,,1563683587,,,,,0.0,61.16,8.95,-30.17,-50.22,88.0
Camacha,PT,,,1563683085,,,,,40.0,69.8,12.75,33.08,-16.33,77.0
Carnarvon,ZA,,,1563683082,,,,,95.0,32.63,13.13,-30.97,22.13,71.0
Rehoboth,NA,,,1563683587,,,,,0.0,41.54,3.78,-23.31,17.08,39.0
Lagoa,PT,,,1563683592,,,,,0.0,71.6,4.7,37.14,-8.45,68.0
Grand Gaube,MU,,,1563683595,,,,,20.0,72.0,4.7,-20.01,57.66,93.0
Bonavista,CA,,,1563683596,,,,,41.0,48.99,2.8,48.65,-53.11,86.0
Juneau,US,,,1563683358,,,,,90.0,57.2,2.42,58.3,-134.42,87.0
Port Hardy,CA,,,1563683598,,,,,75.0,60.8,3.36,50.7,-127.42,63.0
Kavaratti,IN,,,1563683600,,,,,90.0,80.6,16.11,10.57,72.64,88.0
Mosetse,BW,,,1563683601,,,,,0.0,53.24,15.41,-20.64,26.64,22.0
Bedesa,ET,,,1563683601,,,,,29.0,73.76,8.95,8.9,40.78,62.0
Jawhar,IN,,,1563683601,,,,,99.0,86.72,4.54,19.91,73.23,70.0
Bambous Virieux,MU,,,1563683606,,,,,20.0,72.0,4.7,-20.34,57.76,93.0
Vila Franca do Campo,PT,,,1563683611,,,,,20.0,69.8,10.29,37.72,-25.43,88.0
Vestmannaeyjar,IS,,,1563683613,,,,,85.0,51.26,6.13,63.44,-20.27,92.0
Loukhi,RU,,,1563683616,,,,,90.0,56.3,1.83,66.08,33.04,79.0
Sao Joao da Barra,BR,,,1563683617,,,,,20.0,60.26,2.44,-21.64,-41.05,94.0
Vilhena,BR,,,1563683617,,,,,100.0,72.68,3.22,-12.74,-60.15,54.0
Yarmouth,CA,,,1563683407,,,,,75.0,68.0,11.41,43.84,-66.12,100.0
Srednekolymsk,RU,,,1563683617,,,,,57.0,58.82,11.7,67.46,153.71,54.0
Torbay,CA,,,1563683618,,,,,90.0,51.01,4.7,47.66,-52.73,93.0
Hofn,IS,,,1563683120,,,,,100.0,39.65,6.62,64.25,-15.21,98.0
Antsohihy,MG,,,1563683618,,,,,2.0,75.38,4.32,-14.88,47.99,64.0
Kununurra,AU,,,1563683619,,,,,9.0,86.0,6.93,-15.77,128.74,40.0
Zwedru,LR,,,1563683620,,,,,98.0,70.88,3.06,6.07,-8.13,97.0
Morondava,MG,,,1563683621,,,,,1.0,69.08,10.47,-20.3,44.28,81.0
Ramnagar,IN,,,1563683621,,,,,0.0,96.62,4.72,27.17,84.33,49.0
Santa Isabel do Rio Negro,BR,,,1563683622,,,,,0.0,70.88,2.01,-0.41,-65.02,98.0
Libreville,GA,,,1563683439,,,,,40.0,77.0,5.82,0.39,9.45,88.0
Mayo,CA,,,1563683624,,,,,90.0,75.2,5.82,63.59,-135.9,50.0
Oxford,US,,,1563683412,,,,,1.0,75.2,3.94,33.61,-85.83,94.0
Mar del Plata,AR,,,1563683123,,,,,0.0,34.07,5.37,-46.43,-67.52,66.0
Yulara,AU,,,1563683635,,,,,0.0,66.2,8.05,-25.24,130.99,25.0
Salalah,OM,,,1563683635,,,,,90.0,78.8,6.93,17.01,54.1,94.0
Aklavik,CA,,,1563683118,,,,,90.0,68.0,25.28,68.22,-135.01,56.0
Longyearbyen,NO,,,1563683640,,,,,75.0,41.0,16.11,78.22,15.63,86.0
Ust-Tsilma,RU,,,1563683641,,,,,23.0,63.5,6.73,65.44,52.15,62.0
Steinbach,CA,,,1563683646,,,,,20.0,60.01,6.93,49.53,-96.69,87.0
Casablanca,MA,,,1563683650,,,,,75.0,71.6,5.82,33.6,-7.62,94.0
La Ronge,CA,,,1563683654,,,,,5.0,57.2,2.57,55.1,-105.3,71.0
Leon Valley,US,,,1563683656,,,,,1.0,84.2,9.17,29.5,-98.62,57.0
Sibu,MY,,,1563683461,,,,,75.0,80.6,4.59,2.29,111.83,88.0
Iqaluit,CA,,,1563683658,,,,,90.0,39.2,9.17,63.75,-68.52,100.0
Santa Cruz,BR,,,1563683534,,,,,52.0,65.12,6.15,-6.22,-36.02,95.0
Pisco,PE,,,1563683660,,,,,90.0,61.0,5.82,-13.71,-76.2,87.0
Vao,EE,,,1563683660,,,,,0.0,69.08,3.24,59.1,26.19,56.0
Mehamn,NO,,,1563683660,,,,,21.0,57.2,3.91,71.03,27.85,61.0
Betulia,CO,,,1563683661,,,,,40.0,57.2,3.36,6.11,-75.98,93.0
Tomatlan,MX,,,1563683661,,,,,100.0,80.06,4.52,19.93,-105.25,69.0
Beeville,US,,,1563683664,,,,,1.0,84.0,13.87,28.4,-97.75,83.0
Guerrero Negro,MX,,,1563683666,,,,,82.0,65.3,14.41,27.97,-114.04,86.0
Klaeng,TH,,,1563683666,,,,,100.0,86.0,8.66,12.78,101.65,74.0
Sitka,US,,,1563683667,,,,,4.0,78.01,3.0,37.17,-99.65,65.0
Oliveira dos Brejinhos,BR,,,1563683675,,,,,0.0,60.62,4.94,-12.32,-42.89,85.0
Lianzhou,CN,,,1563683676,,,,,74.0,90.86,4.94,24.79,112.38,49.0
Hirara,JP,,,1563683677,,,,,75.0,87.8,13.87,24.8,125.28,79.0
Nanortalik,GL,,,1563683678,,,,,99.0,38.84,4.61,60.14,-45.24,98.0
Okahandja,NA,,,1563683678,,,,,0.0,50.0,9.17,-21.98,16.91,16.0
Aqtobe,KZ,,,1563683652,,,,,0.0,77.0,20.13,50.28,57.21,47.0
Joensuu,FI,,,1563683679,,,,,0.0,62.01,0.74,62.6,29.76,87.0
Coahuayana,MX,,,1563683680,,,,,100.0,69.8,1.63,18.62,-100.35,97.0
Aswan,EG,,,1563683680,,,,,0.0,87.8,8.05,24.09,32.9,27.0
Beidao,CN,,,1563683680,,,,,96.0,78.98,14.76,34.57,105.89,59.0
Puerto Madryn,AR,,,1563683635,,,,,100.0,43.16,18.54,-42.77,-65.04,80.0
Chapais,CA,,,1563683681,,,,,90.0,59.0,3.36,49.78,-74.86,87.0
Sobolevo,RU,,,1563683681,,,,,0.0,63.68,4.38,54.43,31.9,75.0
Totma,RU,,,1563683681,,,,,100.0,56.48,7.99,59.98,42.76,86.0
Cacequi,BR,,,1563683682,,,,,24.0,65.66,9.35,-29.88,-54.83,79.0
Salinas,US,,,1563683451,,,,,75.0,66.0,3.36,36.67,-121.66,87.0
Cherskiy,RU,,,1563683682,,,,,88.0,57.56,11.43,68.75,161.3,41.0
Half Moon Bay,US,,,1563683683,,,,,90.0,64.4,3.36,37.46,-122.43,93.0
Tevaitoa,PF,,,1563683683,,,,,25.0,76.46,18.39,-16.78,-151.5,79.0
Poum,MK,,,1563683683,,,,,0.0,66.74,0.65,41.28,20.71,65.0
Traipu,BR,,,1563683684,,,,,35.0,65.66,6.82,-9.97,-37.0,97.0
Aromashevo,RU,,,1563683524,,,,,96.0,73.76,6.15,56.86,68.64,80.0
Balabac,PH,,,1563683684,,,,,49.0,86.36,10.07,7.99,117.06,68.0
Laguna,BZ,,,1563683700,,,,,90.0,75.2,1.54,16.17,-88.94,94.0
Doba,ET,,,1563683701,,,,,60.0,82.04,9.55,9.29,41.09,45.0
Voznesenye,RU,,,1563683701,,,,,91.0,62.42,4.83,61.02,35.48,71.0
Saint-Georges,CA,,,1563683702,,,,,11.0,77.0,1.99,46.12,-70.67,100.0
Pacific Grove,US,,,1563683702,,,,,75.0,63.0,3.36,36.62,-121.92,87.0
Warwick,US,,,1563683703,,,,,75.0,82.99,5.82,41.7,-71.42,78.0
Madinat Sittah Uktubar,EG,,,1563683706,,,,,7.0,77.0,6.93,29.82,31.05,69.0
Tecoanapa,MX,,,1563683707,,,,,75.0,86.0,10.29,16.99,-99.26,74.0
Ustyuzhna,RU,,,1563683707,,,,,98.0,61.52,5.08,58.84,36.43,84.0
Lundazi,ZM,,,1563683711,,,,,42.0,68.36,8.05,-12.29,33.17,42.0
Coruripe,BR,,,1563683716,,,,,23.0,67.1,4.47,-10.12,-36.18,96.0
Dakoro,NE,,,1563683717,,,,,43.0,82.58,16.13,14.51,6.76,57.0
Sibolga,ID,,,1563683519,,,,,100.0,82.22,16.51,1.74,98.78,79.0
San Carlos de Bariloche,AR,,,1563683718,,,,,90.0,32.0,5.82,-41.13,-71.31,81.0
Hasaki,JP,,,1563683718,,,,,75.0,77.0,10.29,35.73,140.83,94.0
Yumen,CN,,,1563683721,,,,,100.0,77.18,13.82,40.29,97.04,37.0
Isangel,VU,,,1563683721,,,,,20.0,75.2,13.87,-19.55,169.27,53.0
Richards Bay,ZA,,,1563683721,,,,,98.0,62.24,28.39,-28.77,32.06,65.0
Aksha,RU,,,1563683722,,,,,34.0,71.78,10.38,50.28,113.29,49.0
Atar,MR,,,1563683726,,,,,1.0,89.42,9.64,20.52,-13.05,21.0
Rostock,DE,,,1563683727,,,,,90.0,61.0,6.93,54.09,12.13,100.0
Luderitz,NA,,,1563683730,,,,,0.0,59.36,0.76,-26.65,15.16,54.0
Mokolo,CM,,,1563683730,,,,,92.0,75.02,8.41,10.74,13.8,79.0
Opuwo,NA,,,1563683732,,,,,0.0,53.78,7.43,-18.06,13.84,21.0
Parauna,ID,,,1563683733,,,,,54.0,84.92,4.76,-3.82,122.09,54.0
San Rafael del Sur,NI,,,1563683733,,,,,40.0,78.8,6.93,11.85,-86.44,83.0
Mpika,ZM,,,1563683734,,,,,33.0,67.46,7.9,-11.84,31.4,34.0
Makakilo City,US,,,1563683648,,,,,1.0,84.2,12.75,21.35,-158.09,65.0
Northam,AU,,,1563683736,,,,,75.0,64.4,17.22,-31.65,116.67,63.0
San Quintin,PH,,,1563683736,,,,,100.0,85.1,7.31,17.54,120.52,75.0
Druzhba,UA,,,1563683736,,,,,14.0,69.01,1.01,49.36,25.65,70.0
Umm Lajj,SA,,,1563683736,,,,,0.0,85.46,18.57,25.02,37.27,77.0
Dolinsk,RU,,,1563683737,,,,,75.0,69.8,6.71,47.32,142.8,83.0
Jos,NG,,,1563683737,,,,,88.0,67.28,2.91,9.92,8.9,97.0
Svetlaya,RU,,,1563683737,,,,,94.0,74.84,7.31,46.54,138.33,71.0
Mitzic,GA,,,1563683737,,,,,86.0,67.82,2.21,0.78,11.55,98.0
Klaksvik,FO,,,1563683738,,,,,91.0,50.0,5.82,62.23,-6.59,100.0
Ossora,RU,,,1563683738,,,,,100.0,54.5,2.48,59.24,163.07,98.0
Bowen,AU,,,1563683741,,,,,90.0,71.6,10.29,-20.01,148.25,68.0
San Martin,US,,,1563683742,,,,,75.0,66.2,3.36,37.08,-121.61,87.0
Okha,RU,,,1563683742,,,,,100.0,53.24,14.09,53.59,142.95,94.0
Saint-Augustin,CA,,,1563683742,,,,,75.0,80.01,2.64,45.63,-73.98,78.0
Rudsar,IR,,,1563683743,,,,,40.0,86.0,4.56,37.14,50.29,55.0
Volchanets,RU,,,1563683743,,,,,70.0,71.96,11.74,42.91,132.75,90.0
Lisakovsk,KZ,,,1563683523,,,,,0.0,84.38,17.36,52.55,62.49,42.0
Pancevo,RS,,,1563683743,,,,,0.0,66.2,2.24,44.87,20.64,77.0
Ahipara,NZ,,,1563683744,,,,,11.0,57.74,14.67,-35.17,173.16,74.0
Perth,AU,,,1563683702,,,,,75.0,66.99,18.34,-31.95,115.86,63.0
Praia da Vitoria,PT,,,1563683744,,,,,40.0,72.0,26.82,38.73,-27.07,83.0
Lubao,CD,,,1563683760,,,,,2.0,77.54,0.94,-5.39,25.75,32.0
Tinskoy,RU,,,1563683761,,,,,3.0,72.14,3.36,56.15,96.92,42.0
Bayangol,MN,,,1563683762,,,,,6.0,81.14,4.81,48.91,106.09,43.0
Big Spring,US,,,1563683678,,,,,75.0,88.0,16.11,32.25,-101.48,31.0
Sunrise Manor,US,,,1563683767,,,,,1.0,96.8,8.05,36.21,-115.07,10.0
Hambantota,LK,,,1563683775,,,,,90.0,87.8,14.99,6.12,81.12,70.0
The Pas,CA,,,1563683776,,,,,40.0,59.0,4.38,53.82,-101.24,82.0
Hanover,DE,,,1563683778,,,,,20.0,63.0,6.93,52.37,9.74,93.0
Ostrovnoy,RU,,,1563683779,,,,,0.0,56.3,3.44,68.05,39.51,58.0
Waipawa,NZ,,,1563683780,,,,,46.0,42.8,1.57,-39.94,176.59,91.0
Katsuura,JP,,,1563683780,,,,,75.0,82.0,9.17,33.93,134.5,88.0
Saint George,GR,,,1563683781,,,,,0.0,72.0,3.36,39.45,22.34,64.0
Suntar,RU,,,1563683781,,,,,0.0,73.4,7.96,62.16,117.65,34.0
Borgarnes,IS,,,1563683781,,,,,0.0,55.99,2.24,64.54,-21.92,76.0
Sarakhs,TM,,,1563683783,,,,,0.0,93.2,36.91,36.54,61.16,46.0
Kaffrine,SN,,,1563683784,,,,,75.0,80.6,9.17,14.1,-15.55,74.0
Kachug,RU,,,1563683786,,,,,34.0,82.04,1.41,53.96,105.89,36.0
Tabas,IR,,,1563683786,,,,,0.0,102.2,2.24,33.6,56.92,16.0
Saiha,IN,,,1563683787,,,,,64.0,89.06,0.56,22.49,92.98,72.0
Biak,ID,,,1563683787,,,,,90.0,69.8,5.35,-0.91,122.88,80.0
Rio Brilhante,BR,,,1563683788,,,,,24.0,66.56,8.05,-21.8,-54.54,62.0
Kirakira,SB,,,1563683788,,,,,64.0,79.16,17.85,-10.46,161.92,81.0
Teguise,ES,,,1563683788,,,,,75.0,71.6,14.99,29.06,-13.56,78.0
Nishihara,JP,,,1563683789,,,,,75.0,84.99,8.05,35.74,139.53,78.0
Paamiut,GL,,,1563683789,,,,,86.0,41.72,11.95,61.99,-49.67,94.0
Formosa,BR,,,1563683791,,,,,0.0,55.4,7.31,-15.55,-47.33,66.0
Banamba,ML,,,1563683792,,,,,52.0,76.28,8.84,13.55,-7.45,77.0
Anito,PH,,,1563683793,,,,,88.0,90.32,5.35,12.45,125.29,57.0
Port Shepstone,ZA,,,1563683793,,,,,14.0,45.86,9.4,-30.74,30.45,52.0
Valparaiso,US,,,1563683662,,,,,1.0,80.01,7.65,41.47,-87.06,83.0
Bilma,NE,,,1563683796,,,,,17.0,88.16,9.86,18.69,12.92,38.0
Leningradskiy,RU,,,1563683796,,,,,95.0,36.86,7.23,69.38,178.42,94.0
Kahului,US,,,1563683799,,,,,40.0,82.4,16.11,20.89,-156.47,69.0
Ottawa,CA,,,1563683535,,,,,40.0,79.0,5.82,45.42,-75.69,78.0
Aginskoye,RU,,,1563683800,,,,,100.0,54.0,10.11,51.11,114.54,83.0
Mana,NG,,,1563683800,,,,,32.0,78.08,9.98,13.03,5.27,65.0
Coquimbo,CL,,,1563683800,,,,,100.0,51.8,4.7,-29.95,-71.34,87.0
Ulaangom,MN,,,1563683766,,,,,10.0,75.92,7.56,49.98,92.07,33.0
Comodoro Rivadavia,AR,,,1563683801,,,,,0.0,39.2,8.05,-45.87,-67.48,69.0
Balakhninskiy,RU,,,1563683801,,,,,76.0,71.24,9.17,58.01,114.28,37.0
Teyateyaneng,LS,,,1563683801,,,,,5.0,30.02,2.68,-29.15,27.74,54.0
Buenos Aires,AR,,,1563683581,,,,,0.0,69.01,3.36,-34.61,-58.44,88.0
Augusto Correa,BR,,,1563683820,,,,,1.0,70.7,2.82,-1.02,-46.63,98.0
Mogadishu,SO,,,1563683821,,,,,40.0,78.8,14.99,2.04,45.34,69.0
Voh,NC,,,1563683821,,,,,0.0,68.9,26.4,-20.95,164.69,69.0
Clarence Town,AU,,,1563683825,,,,,0.0,73.4,13.87,-32.59,151.78,31.0
Auray,FR,,,1563683826,,,,,40.0,61.0,2.24,47.67,-2.99,93.0
Dandong,CN,,,1563683827,,,,,92.0,84.74,1.5,40.12,124.37,71.0
Balkhash,KZ,,,1563683829,,,,,0.0,80.6,6.71,46.84,74.98,36.0
Klyuchi,RU,,,1563683829,,,,,16.0,79.7,10.13,52.25,79.17,35.0
Kulhudhuffushi,MV,,,1563683833,,,,,100.0,83.48,20.92,6.62,73.07,76.0
Kimbe,PG,,,1563683836,,,,,100.0,80.6,3.47,-5.56,150.15,88.0
Crispiano,IT,,,1563683838,,,,,0.0,73.99,4.7,40.61,17.23,82.0
Kodiak,US,,,1563683838,,,,,90.0,87.01,13.87,39.95,-94.76,69.0
Bundaberg,AU,,,1563683838,,,,,40.0,73.99,14.99,-24.87,152.35,46.0
Saryozek,KZ,,,1563683839,,,,,2.0,89.42,14.09,44.36,77.98,17.0
Svecha,RU,,,1563683840,,,,,49.0,61.88,6.42,58.28,47.52,84.0
Kaspiyskiy,RU,,,1563683841,,,,,92.0,86.54,11.03,45.39,47.37,36.0
Nouakchott,MR,,,1563683844,,,,,0.0,78.8,6.93,18.08,-15.98,74.0
Sept-Iles,CA,,,1563683799,,,,,20.0,60.01,4.7,50.2,-66.38,93.0
Natchitoches,US,,,1563683679,,,,,1.0,80.6,4.7,31.76,-93.09,88.0
Kendari,ID,,,1563683845,,,,,63.0,83.12,7.27,-3.99,122.52,61.0
Byron Bay,AU,,,1563683845,,,,,0.0,73.4,10.29,-28.65,153.62,49.0
Newport,GB,,,1563683846,,,,,75.0,61.0,5.82,51.59,-3.0,93.0
Nortelandia,BR,,,1563683846,,,,,78.0,68.9,5.79,-14.45,-56.8,54.0
Moron,HT,,,1563683847,,,,,0.0,80.06,4.76,18.56,-74.26,80.0
Acapulco,MX,,,1563683848,,,,,75.0,86.0,10.29,16.86,-99.88,74.0
Loandjili,CG,,,1563683849,,,,,20.0,68.0,3.36,-4.77,11.87,100.0
Penarroya-Pueblonuevo,ES,,,1563683850,,,,,0.0,73.4,3.36,38.3,-5.27,60.0
Huasahuasi,PE,,,1563683850,,,,,72.0,36.14,3.58,-11.27,-75.65,79.0
Faanui,PF,,,1563683851,,,,,21.0,77.0,19.1,-16.48,-151.75,79.0
Banjar,ID,,,1563683851,,,,,99.0,76.82,5.35,-7.37,108.54,82.0
Mahur,IN,,,1563683856,,,,,66.0,88.88,3.11,25.18,93.12,74.0
Dunedin,NZ,,,1563683861,,,,,100.0,46.99,11.65,-45.87,170.5,99.0
Harper,US,,,1563683861,,,,,1.0,82.4,6.93,30.3,-99.24,47.0
Oktyabrskoye,RU,,,1563683861,,,,,75.0,61.0,4.47,56.73,85.44,67.0
Baghdad,IQ,,,1563683862,,,,,0.0,91.4,13.87,33.3,44.38,31.0
San Cosme y Damian,PY,,,1563683862,,,,,0.0,71.6,10.29,-27.32,-56.35,64.0
Shingu,JP,,,1563683864,,,,,75.0,82.4,12.75,33.72,135.99,88.0
Debre Sina,ET,,,1563683864,,,,,84.0,62.78,2.26,9.85,39.76,64.0
Ponta Delgada,PT,,,1563683865,,,,,20.0,69.8,10.29,37.73,-25.67,88.0
Port Hedland,AU,,,1563683865,,,,,0.0,78.8,14.99,-20.31,118.58,21.0
Havelock,US,,,1563683865,,,,,1.0,82.99,9.17,34.88,-76.9,74.0
Yar-Sale,RU,,,1563683865,,,,,37.0,75.56,2.84,66.83,70.83,48.0
Gordeyevka,RU,,,1563683866,,,,,0.0,68.0,1.7,52.96,31.97,72.0
Sosva,RU,,,1563683866,,,,,89.0,73.76,3.67,59.17,61.86,68.0
Ostrogozhsk,RU,,,1563683866,,,,,0.0,71.24,5.86,50.86,39.08,67.0
Cocobeach,GA,,,1563683880,,,,,40.0,77.0,5.82,1.01,9.58,88.0
San Nicolas,PH,,,1563683881,,,,,90.0,89.01,9.17,13.93,120.95,70.0
Labuhan,ID,,,1563683883,,,,,13.0,91.76,2.01,-2.54,115.51,50.0
Hamilton,CA,,,1563683630,,,,,90.0,73.99,8.05,43.26,-79.87,100.0
Vardo,US,,,1563683887,,,,,1.0,84.2,1.95,39.62,-77.74,74.0
Narsaq,GL,,,1563683890,,,,,100.0,48.2,2.24,60.91,-46.05,87.0
Thinadhoo,MV,,,1563683891,,,,,48.0,83.84,13.2,0.53,72.93,75.0
Voyvozh,RU,,,1563683891,,,,,75.0,73.22,4.74,62.89,54.96,48.0
Tuatapere,NZ,,,1563683896,,,,,50.0,51.01,3.0,-46.13,167.69,97.0
Mets Masrik,AM,,,1563683896,,,,,0.0,66.2,4.85,40.22,45.77,68.0
Beitbridge,ZA,,,1563683897,,,,,2.0,52.88,13.11,-22.21,29.99,64.0
Phangnga,TH,,,1563683901,,,,,40.0,89.6,8.05,8.45,98.53,66.0
Saint-Joseph,FR,,,1563683902,,,,,0.0,70.0,3.36,43.56,6.97,88.0
Amga,RU,,,1563683906,,,,,0.0,71.24,4.79,60.89,131.98,28.0
Puerto Carreno,CO,,,1563683771,,,,,89.0,74.66,4.38,6.19,-67.49,91.0
Gayny,RU,,,1563683907,,,,,0.0,74.66,3.76,60.3,54.33,55.0
Uruzgan,AF,,,1563683907,,,,,0.0,81.86,4.85,32.93,66.63,11.0
Batemans Bay,AU,,,1563683910,,,,,0.0,70.0,1.99,-35.71,150.18,49.0
Leshukonskoye,RU,,,1563683911,,,,,100.0,49.1,6.8,64.9,45.76,89.0
Brusturoasa,RO,,,1563683912,,,,,0.0,66.2,2.42,46.52,26.18,88.0
Kavieng,PG,,,1563683912,,,,,100.0,83.3,11.7,-2.57,150.8,77.0
Petauke,ZM,,,1563683916,,,,,0.0,69.62,3.24,-14.25,31.33,27.0
Camopi,GF,,,1563683917,,,,,4.0,69.26,1.99,3.17,-52.33,99.0
Tautira,PF,,,1563683917,,,,,20.0,77.0,3.36,-17.73,-149.15,65.0
Simao,CN,,,1563683917,,,,,97.0,84.74,2.66,22.76,100.79,57.0
Bogale,MM,,,1563683921,,,,,100.0,90.14,6.76,16.29,95.4,59.0
Alofi,NU,,,1563683921,,,,,92.0,77.0,9.17,-19.06,-169.92,94.0
Wanxian,CN,,,1563683923,,,,,100.0,87.98,4.18,30.8,108.39,66.0
Umm Kaddadah,SD,,,1563683924,,,,,99.0,79.88,6.78,13.6,26.69,54.0
El Vigia,MX,,,1563683924,,,,,54.0,86.0,6.08,26.85,-109.72,74.0
Young,UY,,,1563683925,,,,,72.0,70.0,4.0,-32.7,-57.63,76.0
Gamba,CN,,,1563683925,,,,,12.0,57.92,3.83,28.28,88.52,35.0
Bouca,CF,,,1563683926,,,,,49.0,70.52,1.79,6.51,18.28,94.0
Umea,SE,,,1563683927,,,,,25.0,55.4,2.24,63.83,20.26,82.0
Chulman,RU,,,1563683928,,,,,100.0,68.9,6.04,56.84,124.9,49.0
Ostersund,SE,,,1563683931,,,,,100.0,59.0,9.17,63.18,14.64,87.0
Barpali,IN,,,1563683934,,,,,10.0,92.3,6.6,21.2,83.58,55.0
Sanming,CN,,,1563683935,,,,,21.0,89.42,4.05,26.24,117.6,60.0
Mandapam,IN,,,1563683935,,,,,100.0,87.98,9.08,9.28,79.12,59.0
Skovorodino,RU,,,1563683935,,,,,100.0,65.84,11.16,53.99,123.94,83.0
Udachnyy,RU,,,1563683936,,,,,0.0,71.6,4.47,66.42,112.4,24.0
Gigmoto,PH,,,1563683940,,,,,100.0,84.56,6.71,13.78,124.39,74.0
Abu Kamal,SY,,,1563683941,,,,,0.0,86.9,17.58,34.45,40.92,33.0
Vangaindrano,MG,,,1563683941,,,,,0.0,65.84,5.44,-23.35,47.6,63.0
Strelka,RU,,,1563683941,,,,,87.0,63.68,5.14,58.08,93.03,52.0
Bilibino,RU,,,1563683942,,,,,87.0,46.58,8.14,68.06,166.44,47.0
Jackville,CI,,,1563683943,,,,,75.0,75.2,5.82,5.21,-4.42,100.0
Mindif,CM,,,1563683946,,,,,100.0,75.2,3.56,10.4,14.44,79.0
Adrar,DZ,,,1563683947,,,,,0.0,93.2,8.05,27.87,-0.29,10.0
Kysyl-Syr,RU,,,1563683947,,,,,14.0,75.2,3.29,63.9,122.77,33.0
Punahana,IN,,,1563683948,,,,,97.0,98.78,6.49,27.87,77.2,37.0
Fomboni,KM,,,1563683948,,,,,0.0,76.64,11.23,-12.28,43.74,74.0
Tiznit,MA,,,1563683948,,,,,21.0,66.56,1.74,29.7,-9.73,95.0
Mulege,MX,,,1563683949,,,,,26.0,83.48,6.22,26.88,-111.98,69.0
Amapa,HN,,,1563683951,,,,,90.0,73.99,3.36,15.09,-87.97,94.0
Kastamonu,TR,,,1563683955,,,,,0.0,64.22,3.15,41.38,33.78,46.0
Songea,TZ,,,1563683955,,,,,5.0,53.6,4.7,-10.68,35.65,93.0
Pochutla,MX,,,1563683956,,,,,65.0,80.01,5.55,15.74,-96.47,79.0
Budogoshch,RU,,,1563683961,,,,,91.0,66.56,3.22,59.29,32.45,63.0
Kamenka,MD,,,1563683961,,,,,0.0,74.12,3.49,48.03,28.7,55.0
Ulagan,RU,,,1563683961,,,,,6.0,66.56,5.86,50.63,87.96,35.0
Flagstaff,US,,,1563683833,,,,,1.0,73.99,5.82,35.2,-111.65,19.0
Manaus,BR,,,1563683967,,,,,0.0,80.6,2.24,-3.13,-59.98,78.0
Coihaique,CL,,,1563683967,,,,,0.0,30.2,4.7,-45.58,-72.07,92.0
Puerto Escondido,MX,,,1563683971,,,,,100.0,78.62,4.05,15.86,-97.07,81.0
Sao Jose da Coroa Grande,BR,,,1563683971,,,,,75.0,69.62,4.41,-8.9,-35.15,96.0
Anadyr,RU,,,1563683973,,,,,75.0,59.0,8.95,64.73,177.51,93.0
Westport,US,,,1563683834,,,,,1.0,84.2,5.82,41.14,-73.36,78.0
Constitucion,MX,,,1563683975,,,,,100.0,62.01,8.99,23.99,-104.67,77.0
Flin Flon,CA,,,1563683976,,,,,20.0,54.86,0.65,54.77,-101.88,59.0
Krasnyy Yar,RU,,,1563683976,,,,,0.0,74.12,8.52,50.7,44.73,55.0
Buala,SB,,,1563683978,,,,,66.0,81.68,10.83,-8.15,159.59,78.0
Vieques,PR,,,1563683978,,,,,40.0,82.4,8.05,18.43,-65.83,78.0
Neuquen,AR,,,1563683981,,,,,0.0,53.6,14.99,-38.95,-68.06,54.0
Corpus Christi,US,,,1563683950,,,,,75.0,84.2,12.75,27.8,-97.4,83.0
Port Lincoln,AU,,,1563683982,,,,,5.0,58.82,27.54,-34.72,135.86,76.0
Muisne,EC,,,1563683982,,,,,99.0,74.3,16.78,0.61,-80.02,90.0
Misasi,TZ,,,1563683984,,,,,20.0,66.2,5.37,-3.01,33.09,93.0
Balkanabat,TM,,,1563683984,,,,,0.0,89.06,12.91,39.51,54.36,50.0
Kenai,US,,,1563683985,,,,,1.0,66.0,10.29,60.55,-151.26,77.0
Nanakuli,US,,,1563683985,,,,,1.0,84.2,12.75,21.39,-158.15,65.0
Praya,ID,,,1563683707,,,,,40.0,84.2,13.87,-8.71,116.27,62.0
Rawson,AR,,,1563683986,,,,,100.0,41.54,13.2,-43.3,-65.11,87.0
Tulun,RU,,,1563683987,,,,,68.0,70.7,3.4,54.56,100.58,60.0
Marfino,RU,,,1563683990,,,,,75.0,64.4,11.18,56.07,37.56,93.0
Flinders,AU,,,1563683992,,,,,0.0,73.0,20.8,-34.58,150.85,22.0
Havoysund,NO,,,1563684000,,,,,54.0,57.2,4.7,71.0,24.66,76.0
Ayan,IR,,,1563684001,,,,,0.0,73.4,12.97,38.23,44.7,30.0
Ahuimanu,US,,,1563684005,,,,,20.0,84.2,13.87,21.44,-157.84,88.0
Patiala,IN,,,1563684006,,,,,0.0,98.06,7.83,30.33,76.41,42.0
Basco,US,,,1563684006,,,,,75.0,80.01,3.36,40.33,-91.2,94.0
Rancho Palos Verdes,US,,,1563684007,,,,,1.0,71.01,6.93,33.75,-118.37,72.0
Iralaya,HN,,,1563684012,,,,,89.0,77.72,3.33,15.0,-83.23,93.0
Yanam,IN,,,1563684015,,,,,40.0,87.8,2.24,16.73,82.22,70.0
Syumsi,RU,,,1563684016,,,,,22.0,64.94,4.88,57.11,51.61,84.0
Padang,ID,,,1563684017,,,,,100.0,82.58,5.73,-0.92,100.36,72.0
Lamu,CN,,,1563684018,,,,,100.0,55.76,3.91,35.77,102.37,76.0
Leh,IN,,,1563684018,,,,,20.0,52.16,2.15,34.16,77.58,21.0
Brenham,US,,,1563684018,,,,,1.0,84.2,6.93,30.17,-96.4,74.0
Oistins,BB,,,1563683735,,,,,20.0,80.6,14.99,13.07,-59.53,78.0
Meulaboh,ID,,,1563684019,,,,,100.0,80.6,5.28,4.14,96.13,77.0
Marrakesh,MA,,,1563684019,,,,,0.0,68.0,6.93,31.63,-7.99,82.0
Esperance,AU,,,1563684019,,,,,90.0,62.6,28.86,-33.86,121.89,55.0
Kingaroy,AU,,,1563684020,,,,,0.0,69.8,8.05,-26.54,151.84,35.0
Ketchikan,US,,,1563684020,,,,,75.0,62.6,3.36,55.34,-131.65,67.0
Hualmay,PE,,,1563684020,,,,,41.0,61.52,11.16,-11.1,-77.61,87.0
Victoria Point,AU,,,1563684020,,,,,20.0,73.4,10.29,-27.58,153.3,52.0
Impfondo,CD,,,1563684021,,,,,96.0,71.78,1.72,1.62,18.06,93.0
Taoudenni,ML,,,1563684021,,,,,55.0,90.32,6.13,22.68,-3.98,37.0
Imperia,IT,,,1563684022,,,,,5.0,73.4,2.24,43.88,8.02,94.0
Gushikawa,JP,,,1563684022,,,,,75.0,89.6,12.75,26.35,127.87,70.0
Alice Springs,AU,,,1563684023,,,,,0.0,69.8,10.29,-23.7,133.88,30.0
Rumoi,JP,,,1563684023,,,,,40.0,84.2,9.17,43.93,141.67,51.0
Cap Malheureux,MU,,,1563684024,,,,,20.0,72.0,4.7,-19.98,57.61,93.0
Kayerkan,RU,,,1563684026,,,,,0.0,73.4,15.66,69.35,87.76,33.0
Cabedelo,BR,,,1563684027,,,,,20.0,71.6,4.7,-6.97,-34.84,100.0
Wajir,KE,,,1563684027,,,,,40.0,73.4,5.82,1.75,40.07,78.0
Beloha,MG,,,1563684028,,,,,61.0,65.12,15.35,-25.17,45.06,64.0
Iranshahr,IR,,,1563684028,,,,,0.0,96.8,6.26,27.21,60.69,39.0
Baherden,TM,,,1563684028,,,,,0.0,87.8,5.86,38.44,57.43,35.0
Estelle,FR,,,1563684029,,,,,90.0,71.6,1.01,43.97,3.47,94.0
Khorramshahr,IR,,,1563684029,,,,,0.0,89.6,4.7,30.43,48.18,29.0
Pasighat,IN,,,1563684030,,,,,41.0,79.7,3.69,28.06,95.33,88.0
Bull Savanna,JM,,,1563684030,,,,,9.0,81.86,6.53,17.89,-77.59,78.0
Arcata,US,,,1563683764,,,,,90.0,59.0,16.46,40.87,-124.08,93.0
Simplicio Mendes,BR,,,1563684031,,,,,0.0,69.26,7.54,-7.85,-41.91,69.0
Teahupoo,PF,,,1563684031,,,,,20.0,77.0,3.36,-17.83,-149.27,65.0
Timbuktu,ML,,,1563684031,,,,,84.0,90.14,13.0,16.77,-3.01,46.0
Toamasina,MG,,,1563684032,,,,,20.0,66.2,1.61,-18.17,49.38,100.0
Marzuq,YE,,,1563684060,,,,,39.0,88.16,1.14,14.4,46.47,19.0
Haines Junction,CA,,,1563684061,,,,,82.0,50.54,4.94,60.75,-137.51,81.0
Pozo Colorado,PY,,,1563684063,,,,,69.0,75.56,9.55,-23.49,-58.8,51.0
